Trascorso quasi un secolo, e dopo decine [UNKNOWN] decine di esposizioni che hanno indagato compiutamente e capillarmente le diverse fasi della carriera del pittore, le Scuderie del Quirinale propongono una mostra antologica per evidenziare l'intero arco d'attività dell'artista.	Trascorso quasi un secolo, e dopo	decine	e	decine	di esposizioni che hanno indagato compiutamente e capillarmente le diverse fasi della carriera del pittore, le Scuderie del Quirinale propongono una mostra antologica per evidenziare l'intero arco d'attività dell'artista
Oh, ma si deve pur fare differenza tra uomo [UNKNOWN] uomo.	Oh, ma si deve pur fare differenza tra	uomo	e	uomo	.
Gli studi durano anni [UNKNOWN] anni, ma per diventare un bravo medico ci vuole molta esperienza.	Gli studi durano	anni	e	anni	, ma per diventare un bravo medico ci vuole molta esperienza
Se non riesco a finire il micro-ricamo a cui mi sto dedicando da giorni [UNKNOWN] giorni entro domani sera... cambio hobby!!	Se non riesco a finire il micro-ricamo a cui mi sto dedicando da	giorni	e	giorni	entro domani sera... cambio hobby!!
Durante le perquisizioni, gli inquirenti ritrovarono migliaia [UNKNOWN] migliaia di file di materiale pedopornografico.	Durante le perquisizioni, gli inquirenti ritrovarono	migliaia	e	migliaia	di file di materiale pedopornografico.
Avanzano i mediocri a milioni [UNKNOWN] milioni, e, insieme a loro, trafficanti e fannulloni.	Avanzano i mediocri a	milioni	e	milioni	, e,insieme a loro, trafficanti e fannulloni.
Ricordo ore [UNKNOWN] ore in TV e online con tutto il peggiore di Berlusconi, incluso del padre e di prima della sua nascita.	Ricordo	ore	e	ore	in TV e online con tutto il peggiore di Berlusconi, incluso del padre e di prima della sua nascita.
Sì, perché le sue rispostacce erano da interpretare, c'era scontrosità [UNKNOWN] scontrosità.	Sì, perché le sue rispostacce erano da interpretare, c'era	scontrosità	e	scontrosità	.
Un'opera artigianale che vi servirà fedelmente così come ha servito generazioni [UNKNOWN] generazioni di uomini, donne e bambini, oppure un semplice ricordo della vostra vacanza in Val d'Ayas.	Un'opera artigianale che vi servirà fedelmente così come ha servito	generazioni	e	generazioni	di uomini, donne e bambini, oppure un semplice ricordo della vostra vacanza in Val d'Ayas.
Hanna, giustamente, stenta a crederci, perché la sua mente è ferma a mesi [UNKNOWN] mesi prima, a quando Max era ancora un dio troppo in alto per lei.	Hanna, giustamente, stenta a crederci, perché la sua mente è ferma a	mesi	e	mesi	prima, a quando Max era ancora un dio troppo in alto per lei.
Non dobbiamo però dimenticare che il futuro si prepara nel presente e dipende in larga misura dalle scelte che volta [UNKNOWN] volta facciamo.	Non dobbiamo però dimenticare che il futuro si prepara nel presente e dipende in larga misura dalle scelte che	volta	per	volta	facciamo.
L'apprendimento coinvolge tutto l'arco della vita e la cultura va coltivata giorno [UNKNOWN] giorno, sempre, per non far inaridire in noi la fonte del sapere.	L'apprendimento coinvolge tutto l''arco della vita e la cultura va coltivata	giorno	per	giorno	, sempre, per non far inaridire in noi la fonte del sapere.
Ecco la procedura passo [UNKNOWN] passo per disabilitare la segnalazione errori.	Ecco la procedura	passo	per	passo	per disabilitare la segnalazione errori.
L'effetto stilistico è molto efficace perché dà l'impressione di vivere immagine [UNKNOWN] immagine, come se ci trovassimo davanti a uno schermo in una sala cinematografica.	L'effetto stilistico è molto efficace perché dà l'impressione di vivere	immagine	per	immagine	, come se ci trovassimo davanti a uno schermo in una sala cinematografica.
I preventivi che prepariamo sono sempre stilati voce [UNKNOWN] voce: la scelta nasce dal desiderio di trasparenza commerciale e per facilitare modifiche ai dettagli della proposta.	I preventivi che prepariamo sono sempre stilati	voce	per	voce	: la scelta nasce dal desiderio di trasparenza commerciale e per facilitare modifiche ai dettagli della proposta
Perchè la pace in Afghanistan si costruisce giorno [UNKNOWN] giorno anche con piccoli gesti come la donazione di vestiti invernali ai bambini di un orfanotrofio.	Perchè la pace in Afghanistan si costruisce	giorno	dopo	giorno	anche con piccoli gesti come la donazione di vestiti invernali ai bambini di un orfanotrofio.
Continua a registrare apprezzamenti, appuntamento [UNKNOWN] appuntamento, la programmazione socio culturale natalizia 2017.	Continua a registrare apprezzamenti,	appuntamento	dopo	appuntamento	, la programmazione socio culturale natalizia 2017.
Conosciamo quasi tutto sulla procreazione di un bimbo, mese [UNKNOWN] mese tutte le fasi della gravidanza e della nascita	Conosciamo quasi tutto sulla procreazione di un bimbo,	mese	dopo	mese	tutte le fasi della gravidanza e della nascita
A leggerli tutti assieme questi racconti, è come trovarsi di fronte ad un piccolo quadro espressionista, che pennellata [UNKNOWN] pennellata ci trasporta in un mondo sfigurato ma drammaticamente e meravigliosamente simile al nostro.	A leggerli tutti assieme questi racconti, è come trovarsi di fronte ad un piccolo quadro espressionista, che	pennellata	dopo	pennellata	ci trasporta in un mondo sfigurato ma drammaticamente e meravigliosamente simile al nostro.
La costruzione dell'asse militare Bonn-Roma, alla quale seguirono passo [UNKNOWN] passo ulteriori basi d'appoggio, faceva parte del progetto di una NATO paneuropea.	La costruzione dell''asse militare Bonn-Roma, alla quale seguirono	passo	dopo	passo	ulteriori basi d''appoggio, faceva parte del progetto di una NATO paneuropea.